variable,importancia
patrimonio,0.26648040380473303
morosidad,0.24131217528957016
solvencia_proxy,0.1781078239121557
activos_totales,0.15707980691456166
pasivos_totales,0.15701979007897954
